Workbook

Sheet adim
A1: Antifer Cube Non-Dimensional Geometry Coefficients
A2: Pita (1986) and Carvalho (2026) implemented conventions; Frens (2007) retained for historical comparison
A4: Symbol / metric | B4: Definition | C4: Pita (1986) | D4: Frens (2007) | E4: Carvalho (2026) | F4: Use / note
A5: kV_ref = V/H3 | B5: historical / documentary volume coefficient | C5: 1.0247 | D5: 1.0275058 | E5: 1 | F5: reference/documentary value; retained as metadata
A6: kV_CAD = V/H3 | B6: geometric formula / balanced closed B-rep coefficient | C6: =((C8^2+C8*C9+C9^2)/3)-2*C12^2-4*(C13^2*ACOS(C14/C13)-C14*SQRT(C13^2-C14^2)) -> 1.0247 | D6: 1.0275058 | E6: =((E8^2+E8*E9+E9^2)/3)-2*E12^2-4*(E13^2*ACOS(E14/E13)-E14*SQRT(E13^2-E14^2)) -> 1 | F6: active generated-volume coefficient used for CAD/BIM volume consistency
A7: f | B7: horizontal coefficient normalisation factor | C7: 1 | D7: 0.99978668 | E7: =SQRT(E5/C6) -> 0.98787417 | F7: Carvalho applies f to Pita plan/groove coefficients; Frens is not an active calculator profile
A8: A/H | B8: bottom width coefficient | C8: 1.086 | D8: 1.0857763 | E8: =C8*$E$7 -> 1.0728314 | F8: A = kA H
A9: B/H | B9: top width coefficient at z = H | C9: 1.005 | D9: 1.0047774 | E9: =C9*$E$7 -> 0.99281355 | F9: B = kB H; no top bevel
A10: C_hist/H | B10: historical reported groove inset | C10: 0.0956 | D10: 0.095222584 | E10: =C10*$E$7 -> 0.094440771 | F10: Pita documentary value; not the exact generated circular-arc inset
A11: C_arc/H = R/H - E/H | B11: generated circular-arc groove inset | C11: =C13-C14 -> 0.09559354 | D11: 0.095222584 | E11: =E13-E14 -> 0.09443439 | F11: C used by generated CAD/B-rep geometry
A12: D/H | B12: lateral plan-chamfer coefficient | C12: 0.024 | D12: 0.023887079 | E12: =C12*$E$7 -> 0.02370898 | F12: D is a plan chamfer offset, not a top bevel
A13: R/H | B13: groove radius coefficient | C13: 0.1215 | D13: 0.12106406 | E13: =C13*$E$7 -> 0.12002671 | F13: R = kR H
A14: E/H | B14: groove-centre outside offset coefficient | C14: 0.02590646 | D14: 0.025841477 | E14: =C14*$E$7 -> 0.025592322 | F14: E = kE H; C_arc = R - E
A15: q/H | B15: groove half-opening coefficient | C15: =SQRT(C13^2-C14^2) -> 0.11870596 | D15: =SQRT(D13^2-D14^2) -> 0.11827394 | E15: =SQRT(E13^2-E14^2) -> 0.11726655 | F15: q = sqrt(R^2 - E^2)
A16: angle | B16: bottom/main lateral plane angle [deg] | C16: =90-DEGREES(ATAN(((C8-C9)/2))) -> 87.680788 | D16: =90-DEGREES(ATAN(((D8-D9)/2))) -> 87.680819 | E16: =90-DEGREES(ATAN(((E8-E9)/2))) -> 87.708881 | F16: calculated from A, B and H
A18: README alignment notes
A19: 1 | B19: Pita uses kV = 1.024700000000 from the circular-segment geometric volume formula and the balanced generated B-rep representation.
A20: 2 | B20: Carvalho uses V/H^3 = 1.000000 by applying f = sqrt(1 / 1.024700000000) to the Pita plan and groove coefficients.
A21: 3 | B21: Carvalho uses the same Antifer topology, lateral chamfer convention and circular-groove construction as Pita.
A22: 4 | B22: Frens (2007) is retained for historical comparison. A=1.076V^(1/3), B=0.9254A, H=0.921A, R=0.1115A, C=0.0877A and D=0.022A. B is not reduced by 2D.
A23: 5 | B23: The active generated geometry has no top bevel. B is the top width at z = H; D is a lateral plan-chamfer offset.
A24: 6 | B24: C_hist/H = 0.095600 is the rounded historical Pita value. C_arc/H = R/H - E/H = 0.095593540390 is the generated circular-arc inset.

Sheet real
A1: Antifer volume and dimensional calculator from W and Wc
A3: USER INPUTS | F3: COEFFICIENT SOURCE
A4: Input / result | B4: Value | C4: Unit | D4: Editable / formula | F4: Source table | G4: Pita column | H4: Carvalho column | I4: Use
A5: W | B5: 680 | C5: kN | D5: editable input force | F5: kV_ref | G5: =adim!C5 -> 1.0247 | H5: =adim!E5 -> 1 | I5: documentary/reference volume coefficient
A6: Wc | B6: 27.2 | C6: kN/m³ | D6: editable concrete unit weight | F6: kV_CAD | G6: =adim!C6 -> 1.0247 | H6: =adim!E6 -> 1 | I6: geometric formula / balanced B-rep coefficient
A7: g | B7: 9.80665 | C7: m/s² | D7: standard gravity for tonne conversion
A8: V = W / Wc | B8: =B5/B6 -> 25 | C8: m³ | D8: computed design volume
A9: W / g | B9: =B5/B7 -> 69.340702 | C9: t | D9: equivalent mass in tonnes
A11: PITA (1986) CALCULATION | F11: CARVALHO (2026) CALCULATION
A12: Metric | B12: Formula | C12: Value | D12: Unit / note | F12: Metric | G12: Formula | H12: Value | I12: Unit / note
A13: kV_ref | B13: reference V/H³ | C13: =adim!C5 -> 1.0247 | D13: from coefficient table | F13: kV_ref | G13: reference V/H³ | H13: =adim!E5 -> 1 | I13: from coefficient table
A14: kV_CAD | B14: CAD/B-rep V/H³ | C14: =adim!C6 -> 1.0247 | D14: used to compute H | F14: kV_CAD | G14: CAD/B-rep V/H³ | H14: =adim!E6 -> 1 | I14: used to compute H
A15: V_input | B15: W/Wc | C15: =$B$8 -> 25 | D15: m³ | F15: V_input | G15: W/Wc | H15: =$B$8 -> 25 | I15: m³
A16: H | B16: (V_input/kV_CAD)^(1/3) | C16: =($B$8/C14)^(1/3) -> 2.9003323 | D16: m | F16: H | G16: (V_input/kV_CAD)^(1/3) | H16: =($B$8/H14)^(1/3) -> 2.9240177 | I16: m
A17: V_CAD check | B17: kV_CAD*H^3 | C17: =C14*C16^3 -> 25 | D17: m³ | F17: V_CAD check | G17: kV_CAD*H^3 | H17: =H14*H16^3 -> 25 | I17: m³
A18: V_ref check | B18: kV_ref*H^3 | C18: =C13*C16^3 -> 25 | D18: m³ | F18: V_ref check | G18: kV_ref*H^3 | H18: =H13*H16^3 -> 25 | I18: m³
A19: Residual V_CAD - V_input | B19: V_CAD-V_input | C19: =C17-$B$8 -> 0 | D19: m³ | F19: Residual V_CAD - V_input | G19: V_CAD-V_input | H19: =H17-$B$8 -> 0 | I19: m³
A20: Relative residual | B20: (V_CAD-V_input)/V_input | C20: =IF($B$8=0,0,C19/$B$8) -> 0 | D20: - | F20: Relative residual | G20: (V_CAD-V_input)/V_input | H20: =IF($B$8=0,0,H19/$B$8) -> 0 | I20: -
A21: A | B21: (A/H)*H | C21: =adim!C8*C16 -> 3.1497609 | D21: m | F21: A | G21: (A/H)*H | H21: =adim!E8*H16 -> 3.1369779 | I21: m
A22: B | B22: (B/H)*H | C22: =adim!C9*C16 -> 2.9148339 | D22: m | F22: B | G22: (B/H)*H | H22: =adim!E9*H16 -> 2.9030044 | I22: m
A23: C_hist | B23: historical C/H*H | C23: =adim!C10*C16 -> 0.27727177 | D23: m; documentary only | F23: C_hist | G23: not active | I23: not used for Carvalho CAD geometry
A24: C_arc | B24: (R/H - E/H)*H | C24: =adim!C11*C16 -> 0.27725303 | D24: m; generated CAD/B-rep inset | F24: C_arc | G24: (R/H - E/H)*H | H24: =adim!E11*H16 -> 0.27612783 | I24: m; generated CAD/B-rep inset
A25: D | B25: (D/H)*H | C25: =adim!C12*C16 -> 0.069607975 | D25: m | F25: D | G25: (D/H)*H | H25: =adim!E12*H16 -> 0.069325479 | I25: m
A26: R | B26: (R/H)*H | C26: =adim!C13*C16 -> 0.35239037 | D26: m | F26: R | G26: (R/H)*H | H26: =adim!E13*H16 -> 0.35096024 | I26: m
A27: E | B27: (E/H)*H | C27: =adim!C14*C16 -> 0.075137341 | D27: m | F27: E | G27: (E/H)*H | H27: =adim!E14*H16 -> 0.074832405 | I27: m
A28: q | B28: sqrt(R^2-E^2) | C28: =SQRT(C26^2-C27^2) -> 0.34428673 | D28: m; groove half-opening | F28: q | G28: sqrt(R^2-E^2) | H28: =SQRT(H26^2-H27^2) -> 0.34288948 | I28: m; groove half-opening
A29: 2q | B29: 2*q | C29: =2*C28 -> 0.68857347 | D29: m; full groove opening | F29: 2q | G29: 2*q | H29: =2*H28 -> 0.68577897 | I29: m; full groove opening
A30: angle | B30: 90°-atan(((A-B)/2)/H) | C30: =90-DEGREES(ATAN(((C21-C22)/2)/C16)) -> 87.680788 | D30: deg; from A, B and H | F30: angle | G30: 90°-atan(((A-B)/2)/H) | H30: =90-DEGREES(ATAN(((H21-H22)/2)/H16)) -> 87.708881 | I30: deg; from A, B and H
A32: NOTES
A33: The input volume V = W/Wc is common to Pita and Carvalho.
A34: Each active geometry calculates H from the geometric formula / balanced B-rep coefficient.
A35: Pita reports C_hist for documentary reference and uses C_arc = R - E for the circular-arc geometry.
A36: Carvalho applies the horizontal normalisation factor f to the Pita plan and groove coefficients and has V/H3 = 1.
A37: Frens values remain in the conceptual comparison sheet only, for historical interest.
